name,ticker,image,link,round,total_raised,pre_valuation,categories,date,ecosystem,investor_1,investor_2,investor_3,investor_4,investor_5,investor_6,investor_7,investor_8
"DeXRP","DXP","https://dropsearn.fra1.cdn.digitaloceanspaces.com/media/cache/26/81/2681657890af7a18a2edfc83147d9575.webp","https://icodrops.com/dexrp/","Presale","$1.48 M","$19.94 M","DeFi","until Q3, 2025","","Solana","Ethereum","","","","","",""
"Best Wallet","BEST","https://dropsearn.fra1.cdn.digitaloceanspaces.com/media/cache/12/bf/12bf5620493ad297f4c7cefaf138a9fc.webp","https://icodrops.com/best-wallet/","Presale","$14.48 M","$239.5 M","Wallet","until Q3, 2025","","","","","","","","",""
"Bitcoin Hyper","HYPER","https://dropsearn.fra1.cdn.digitaloceanspaces.com/media/cache/39/2d/392d549bf3d0efa3b74222645b78f154.webp","https://icodrops.com/bitcoin-hyper/","Presale","$6.89 M","$259.88 M","Layer2","until Q3, 2025","","Binance coin","Solana","Ethereum","","","","",""
"CHIPS","CHIPS","https://dropsearn.fra1.cdn.digitaloceanspaces.com/media/cache/52/eb/52eb0426d87026f14ed23e83243c8a98.webp","https://icodrops.com/chips/","IDO on Polkastarter","—","$12 M","GameFi","5h left","","","","","","","","",""
"Bitlayer","BTR","https://dropsearn.fra1.cdn.digitaloceanspaces.com/media/cache/06/da/06dae7f2af435d5fb4d2d305fa7de835.webp","https://icodrops.com/bitlayer/","Public Sale on CoinList","$25 M","$300 M","Layer-2","8h left","","Framework Ventures","Polychain Capital","Alliance","More Details","Bitcoin","","",""
"RICE AI","RICE","https://dropsearn.fra1.cdn.digitaloceanspaces.com/media/cache/d2/10/d2104decc3e8c25c925081e4049ef332.webp","https://icodrops.com/rice-ai/","IDO on TokenFi","$7 M","$7.5 M","Artificial Intellig…","2d left","","","","","","","","",""
"Ten (formerly Obscuro)","TEN","https://dropsearn.fra1.cdn.digitaloceanspaces.com/media/cache/a2/02/a202fafc4a4b082c6385473119fbdb85.webp","https://icodrops.com/obscuro/","IDO on Legion","$13.5 M","$80 M","Layer-2","5d left","","DWF Labs","One Block Capital","Big Brain Holdings","More Details","Ethereum","","",""
"Ten","TEN","https://dropsearn.fra1.cdn.digitaloceanspaces.com/media/cache/d8/ff/d8fff624307dd83cad259b3b79fe3e7d.webp","https://icodrops.com/ten/","IDO on Legion","$16.5 M","$30 M","Blockchain Service","5d left","","DWF Labs","One Block Capital","Big Brain Holdings","More Details","Ethereum","","",""
"Billions Network","","https://dropsearn.fra1.cdn.digitaloceanspaces.com/media/cache/30/30/303001db90af0a39a1d57fc61e718cf9.webp","https://icodrops.com/billions-network/","Capital Launchpad","$30 M","—","Blockchain Service","6d left","","Polychain Capital","BITKRAFT Ventures","Coinbase Ventures","More Details","","","",""
"Trusta Labs","TA","https://dropsearn.fra1.cdn.digitaloceanspaces.com/media/cache/84/e5/84e5e797c12c6e679bb466c89136d56d.webp","https://icodrops.com/trusta-labs/","Airdrop","$3 M","$55.29 M","Artificial Intellig…","14d left","","ConsenSys","HashKey Capital","SevenX Ventures","More Details","","","",""
"BNB Attestation Service","BAS","https://dropsearn.fra1.cdn.digitaloceanspaces.com/media/cache/b9/52/b9524e10d03fad83444a580803070cd4.webp","https://icodrops.com/bnb-attestation-service/","Binance Wallet Booster Program","$200 K","$10 M","Infrastructure","21d left","","Binance coin","","","","","","",""
"Alliance Games","COA","https://dropsearn.fra1.cdn.digitaloceanspaces.com/media/cache/fa/0a/fa0aa18dfd36e903f1f5c09e42f9c87a.webp","https://icodrops.com/alliance-games/","Incentivized Activities","$8 M","$20.22 M","Gaming","146d left","","The Spartan Group","Animoca Brands","Arche Fund","More Details","","","",""
"RAA Vision","RAA","https://dropsearn.fra1.cdn.digitaloceanspaces.com/media/cache/4a/b5/4ab5335af3a364cd9d7e82b882ffa015.webp","https://icodrops.com/raa-vision/","Incentivized Activities","$2.4 M","$61 M","Artificial Intellig…","until Q3, 2025","+1","Base","Binance coin","Solana","More Details","","","",""
"Cogni AI Agents","COGNI","https://dropsearn.fra1.cdn.digitaloceanspaces.com/media/cache/22/4c/224c4b993bd914a703e26e153ac8cecd.webp","https://icodrops.com/cogni-ai-agents/","Presale","$192.5 K","$20 M","Artificial Intellig…","until Q4, 2025","","Ethereum","","","","","","",""
"Ultiverse","ULTI","https://dropsearn.fra1.cdn.digitaloceanspaces.com/media/cache/fe/56/fe56488d846289e537731adc102a0932.webp","https://icodrops.com/ultiverse/","NFT Staking","$13.5 M","$19.23 M","Gaming","from Dec 25, 2022","","YZi Labs (prev Binance Labs)","DWF Labs","DeFiance Capital","More Details","Binance coin","","",""
"RabbitHole","","https://dropsearn.fra1.cdn.digitaloceanspaces.com/media/cache/60/1f/601f6e89e6df9dd0fd018378a081012d.webp","https://icodrops.com/rabbithole/","Retrodrop","$21.6 M","—","Blockchain Service","from 2023","","Electric Capital","Framework Ventures","ParaFi Capital","More Details","Ethereum","Solana","Optimism",""
"Wildcard","","https://dropsearn.fra1.cdn.digitaloceanspaces.com/media/cache/ae/49/ae49fb7c33825eab78616169d3a21b7f.webp","https://icodrops.com/wildcard/","NFT Staking","$52.5 M","—","Gaming","from Apr 17, 2023","","Paradigm","P2 Ventures","Arbitrum Gaming Ventures","More Details","Polygon (prev. Matic Network)","","",""
"Sproto Gremlins","","https://dropsearn.fra1.cdn.digitaloceanspaces.com/media/cache/86/22/8622d203b5182b17662c315a1a0e5674.webp","https://icodrops.com/sproto-gremlins/","NFT Sale","—","—","NFT","from Q2, 2023","","Ethereum","","","","","","",""
"EigenLayer","","https://dropsearn.fra1.cdn.digitaloceanspaces.com/media/cache/f0/57/f0573bfa355667f1be69f77356ec1346.webp","https://icodrops.com/eigenlayer/","Points Farming","$234.4 M","$2.01 B","Liquid Staking Prot…","from Jun 14, 2023","","Andreessen Horowitz (a16z)","Blockchain Capital","Electric Capital","More Details","Ethereum","","",""
"Marginfi","MRGN","https://dropsearn.fra1.cdn.digitaloceanspaces.com/media/cache/2e/fe/2efe4dc6a3a40e77304b374749a89fa0.webp","https://icodrops.com/marginfi/","Points Farming","$3 M","$100 M","Lending Platform","from Jul 3, 2023","","Multicoin Capital","Pantera Capital","Ryze Labs (Sino Global Capital)","More Details","Solana","","",""
"Worldcoin","WLD","https://dropsearn.fra1.cdn.digitaloceanspaces.com/media/cache/e8/49/e84939bbb75b00d2398f97a500039965.webp","https://icodrops.com/worldcoin/","Incentive Activities","$375 M","$9.68 B","Artificial Intellig…","from Jul 23, 2023","","1confirmation","Andreessen Horowitz (a16z)","a16z crypto CSX","More Details","Ethereum","Optimism","",""
"Amnis Finance","","https://dropsearn.fra1.cdn.digitaloceanspaces.com/media/cache/c1/a7/c1a7d25c9c0cfb8789a7ad692056eadd.webp","https://icodrops.com/amnis-finance/","Retroactive Airdrop","$2 M","$99.77 M","Liquid Staking Prot…","from Nov 7, 2023","","OKX Ventures","SkyVision Capital","Borderless Capital","More Details","","","",""
"Project AEON","","https://dropsearn.fra1.cdn.digitaloceanspaces.com/media/cache/c3/53/c35353bcc09587229629a66025815a4d.webp","https://icodrops.com/project-aeon/","NFT Sale","—","—","NFT","from Nov 20, 2023","","","","","","","","",""
"INIT Capital","","https://dropsearn.fra1.cdn.digitaloceanspaces.com/media/cache/2b/8f/2b8f49b0a6d1a5f372ac07a4c0f654c4.webp","https://icodrops.com/init-capital/","Points Farming","$3 M","$50 M","DeFi","from Dec 11, 2023","","Electric Capital","Bankless","Selini Capital","More Details","Blast","Mantle","",""
"Kelp DAO","KEP","https://dropsearn.fra1.cdn.digitaloceanspaces.com/media/cache/c8/87/c887a4d2e2193fe66d778fb44e321708.webp","https://icodrops.com/kelp-dao/","Points Farming","$9 M","$90 M","Platform","from Dec 12, 2023","","DWF Labs","Bankless","HTX Ventures (previously Huobi Ventures)","More Details","Ethereum","","",""
"CVEX","CVEX","https://dropsearn.fra1.cdn.digitaloceanspaces.com/media/cache/1d/de/1dde8bcd273d0c793bb7d255b6486453.webp","https://icodrops.com/cvex/","Incentivized Activities","$7 M","—","DeFi","from Dec 23, 2023","","Fabric Ventures","FiveT Fintech","FunFair Ventures","More Details","","","",""
"Black Panther","BLACK","https://dropsearn.fra1.cdn.digitaloceanspaces.com/media/cache/c4/9a/c49af49faef2046bca9c8c7584f31a86.webp","https://icodrops.com/black-panther/","Incentivized Activities","—","$5.49 M","DeFi","from Dec 26, 2023","","Taureon","CSP DAO","DojoSwap","More Details","Injective Protocol","","",""
"Eigenpie SubDAO","EGP","https://dropsearn.fra1.cdn.digitaloceanspaces.com/media/cache/14/82/148200dabea8d65e3f41ae0017832401.webp","https://icodrops.com/eigenpie-subdao/","Points Farming","—","$5.92 M","DeFi","from Jan 22, 2024","","Robot Ventures","Sam Kazemian","Akshat Vaidya","More Details","Ethereum","","",""
"Partisia Blockchain","MPC","https://dropsearn.fra1.cdn.digitaloceanspaces.com/media/cache/b1/3b/b13bef9fee5c28bded0a301cbb83d504.webp","https://icodrops.com/partisia-blockchain/","Airdrop","$53.9 M","$18.95 M","Blockchain Service","from Feb 1, 2024","","BitScale Capital","Gate.io","Kosmos Ventures","More Details","","","",""
"Puffer Finance","PUFFER","https://dropsearn.fra1.cdn.digitaloceanspaces.com/media/cache/85/7d/857d5dc22ff7b2576146ffaf9f99a465.webp","https://icodrops.com/puffer-finance/","Points Farming","$24.27 M","$220.3 M","Liquid Staking Prot…","from Feb 1, 2024","","YZi Labs (prev Binance Labs)","Brevan Howard","Electric Capital","More Details","Ethereum","","",""
"Quants","QUNT","https://dropsearn.fra1.cdn.digitaloceanspaces.com/media/cache/01/d9/01d97585d6ef07853e6eb0afbe4c13fe.webp","https://icodrops.com/quants/","Main Sale","—","$40 K","DeFi","from Feb 22, 2024","","","","","","","","",""
"Mantle","MNT","https://dropsearn.fra1.cdn.digitaloceanspaces.com/media/cache/a9/52/a95250a1c4fcaadaaac2b2b60ef1cdc1.webp","https://icodrops.com/mantle/","Points Farming","—","$5.45 B","Layer-2","from Feb 25, 2024","","Ethereum","","","","","","",""
"Agent Exchange","","https://dropsearn.fra1.cdn.digitaloceanspaces.com/media/cache/9c/64/9c64e4617a94894abcfac7c9715b119c.webp","https://icodrops.com/agent-exchange/","Points Farming","$1 M","—","DeFi","from Feb 27, 2024","","Caladan (Alphalab)","cygaar","David Choi","More Details","","","",""
"Aark Digital","AARK","https://dropsearn.fra1.cdn.digitaloceanspaces.com/media/cache/b9/35/b935159c19f92ef08f77e08a09a2810a.webp","https://icodrops.com/aark-digital/","Incentivized Activities","$6 M","$999.9 K","Perpetual","from Mar 4, 2024","","Delphi Digital (Delphi Labs)","Arrington XRP Capital","HashKey Capital","More Details","Arbitrum","","",""
"Edu3Labs","NFE","https://dropsearn.fra1.cdn.digitaloceanspaces.com/media/cache/58/85/588534b7786a4767e3b21a7f98c6d195.webp","https://icodrops.com/edu3labs/","IDO on GameFi","—","$27 M","Education","from Q1, 2024","","ConsenSys","Animoca Brands","PayCoin Capital","More Details","Binance coin","","",""
"Ordify","ORFY","https://dropsearn.fra1.cdn.digitaloceanspaces.com/media/cache/50/14/5014485bfdd7e4e54a503b8b73215992.webp","https://icodrops.com/ordify/","Public Sale","—","—","Blockchain Service","from Mar 12, 2024","","Oddiyana Ventures","Paragen","Qu Ventures","Binance coin","","","",""
"Zircuit","","https://dropsearn.fra1.cdn.digitaloceanspaces.com/media/cache/80/4d/804d186acf2472345e09d5b85814048f.webp","https://icodrops.com/zircuit/","Points Farming","—","$276.8 M","Layer-2","from Mar 14, 2024","","YZi Labs (prev Binance Labs)","Amber Group","Selini Capital","More Details","Ethereum","","",""
"Vertus","VERT","https://dropsearn.fra1.cdn.digitaloceanspaces.com/media/cache/51/ad/51ad02899df559561bbc47b4a6da955f.webp","https://icodrops.com/vertus/","Play to Earn","—","—","Mining","from Mar 26, 2024","","The Open Network","","","","","","",""
"Tanuki","TANUPAD","https://dropsearn.fra1.cdn.digitaloceanspaces.com/media/cache/03/9c/039ce3041e6b0675c185452b4346f940.webp","https://icodrops.com/tanuki/","Presale","$504.18 K","$14 M","Launchpad","from Apr 1, 2024","","Solana","","","","","","",""
"Hamster Kombat","HMSTR","https://dropsearn.fra1.cdn.digitaloceanspaces.com/media/cache/de/d8/ded86e762131adaa016378b2ade3eeea.webp","https://icodrops.com/hamster-kombat/","Tap-to-Earn","—","$81.36 M","Gaming","from Apr 1, 2024","","The Open Network","","","","","","",""
"Heurist","HEU","https://dropsearn.fra1.cdn.digitaloceanspaces.com/media/cache/3a/24/3a24fbdeeb88b20e56c7cb9f9c67bd8a.webp","https://icodrops.com/heurist/","Points Farming","$2 M","$75.65 M","DePIN","from Apr 1, 2024","","Amber Group","Manifold Trading","Selini Capital","More Details","","","",""
"StakeLayer","STAKE","https://dropsearn.fra1.cdn.digitaloceanspaces.com/media/cache/dc/06/dc0695e29b750a44b31fba28d15e3683.webp","https://icodrops.com/stakelayer/","Presale","—","$228.02 K","Liquid Staking Prot…","from Apr 3, 2024","","Bitcoin","","","","","","",""
"The Soft DAO","","https://dropsearn.fra1.cdn.digitaloceanspaces.com/media/cache/3b/b1/3bb15e1574383a6d27e744b0cac040c6.webp","https://icodrops.com/the-soft-dao/","Stealth Round","—","—","DeFi","from Apr 5, 2024","","","","","","","","",""
"IvendPay","IVPAY","https://dropsearn.fra1.cdn.digitaloceanspaces.com/media/cache/66/3b/663bf2a52adde361e77aa111e54161cf.webp","https://icodrops.com/ivendpay/","IDO on SeaPad","$4.2 M","$1.26 M","BNB Chain Ecosystem","from Q2, 2024","","","","","","","","",""
"Karak","","https://dropsearn.fra1.cdn.digitaloceanspaces.com/media/cache/22/ee/22ee27eb33e7c55a05a35bb182fd750d.webp","https://icodrops.com/karak/","Points Farming","$48 M","$1 B","Layer-2","from Apr 8, 2024","","Bain Capital Ventures","Framework Ventures","Lightspeed Venture Partners","More Details","Ethereum","Own","",""
"5th Scape","5SCAPE","https://dropsearn.fra1.cdn.digitaloceanspaces.com/media/cache/6a/61/6a6189f1ba323c24620256f1d66a1b89.webp","https://icodrops.com/5thscape/","Presale","$6.66 M","$17.04 M","VR","from Apr 8, 2024","","Ethereum","","","","","","",""
"RaysX","RAX","https://dropsearn.fra1.cdn.digitaloceanspaces.com/media/cache/70/47/70471353fcc03b4d8f6bc8d714adc2ba.webp","https://icodrops.com/raysx/","Community Sale","$250 K","$6.25 M","DeFi","from Apr 10, 2024","","Binance coin","Ethereum","","","","","",""
"SatoshiSync","SSCN","https://dropsearn.fra1.cdn.digitaloceanspaces.com/media/cache/e4/ee/e4ee5cb096b7628c48e3b221b3e6402a.webp","https://icodrops.com/satoshisync/","IDO on Ape Terminal","—","—","DeFi","from Q2, 2024","","ZBS Capital","Candaq Fintech Group","ChainLink","More Details","Ethereum","","",""
"Bored Slot","","https://dropsearn.fra1.cdn.digitaloceanspaces.com/media/cache/3e/e9/3ee9e47c4b09b2864de90128391a7859.webp","https://icodrops.com/bored-slot/","Incentivized Activities","$10 M","—","Gambling","from Apr 12, 2024","","LD Capital","Plutus VC","","","","","",""
"Cellula","","https://dropsearn.fra1.cdn.digitaloceanspaces.com/media/cache/af/e5/afe51192dc567e1ae5e86512afa91475.webp","https://icodrops.com/cellula/","Incentivized Activities","$2 M","$936.5 K","Gaming","from Apr 14, 2024","","YZi Labs (prev Binance Labs)","OKX Ventures","SevenX Ventures","More Details","","","",""
"Zoth","ZOTH","https://dropsearn.fra1.cdn.digitaloceanspaces.com/media/cache/38/e5/38e50ce551379db0d9cdfac58ed4fd36.webp","https://icodrops.com/zoth/","Incentivized Activities","$6.5 M","—","DeFi","from Apr 16, 2024","","Momentum 6","Outlier Ventures","Borderless Capital","More Details","Ethereum","","",""
"BITBRAWL","BRAWL","https://dropsearn.fra1.cdn.digitaloceanspaces.com/media/cache/ca/fe/cafede57851c761f644c254173be1bf3.webp","https://icodrops.com/bitbrawl/","Public Sale","$3 M","$132.1 K","Gaming","from Q2, 2024","","Morningstar Ventures","Big Brain Holdings","Shima Capital","","","","",""
"Plena","PLENA","https://dropsearn.fra1.cdn.digitaloceanspaces.com/media/cache/26/aa/26aaa6f1d18afd76488768d1262542e0.webp","https://icodrops.com/plena/","IDO on Decubate","$7.75 M","$1.16 M","Wallet","from Q2, 2024","","ConsenSys","Big Brain Holdings","Boxmining","More Details","Polygon (prev. Matic Network)","","",""
"Oxya Origin","OXYZ","https://dropsearn.fra1.cdn.digitaloceanspaces.com/media/cache/d2/5d/d25d80bd298d5ac90683ce8f98bf2bc8.webp","https://icodrops.com/oxya-origin/","IDO on GameFi","$1.41 M","$487.1 K","Gaming","from Q2, 2024","","Binance coin","","","","","","",""
"Plots Finance","PLOTS","https://dropsearn.fra1.cdn.digitaloceanspaces.com/media/cache/b5/92/b592104e5302b42268a121bcff68e753.webp","https://icodrops.com/plots-finance/","IDO on Seedify","—","—","Gaming","from Q2, 2024","","Ethereum","","","","","","",""
"OPZ","OPZ","https://dropsearn.fra1.cdn.digitaloceanspaces.com/media/cache/3d/86/3d865291b6badf1d72bb784c8e56e0c2.webp","https://icodrops.com/opz/","Presale","$865 K","$39.92 M","DeFi","from May 1, 2024","","Ethereum","","","","","","",""
"Outlanders","LAND","https://dropsearn.fra1.cdn.digitaloceanspaces.com/media/cache/08/0b/080bb29751a362a04cf035b0eec50d08.webp","https://icodrops.com/outlanders/","IDO on Poolz","—","$24 M","Gaming","from Q2, 2024","","Binance coin","","","","","","",""
"Aggregata","","https://dropsearn.fra1.cdn.digitaloceanspaces.com/media/cache/17/72/17720ee5622f6a86d55d5999981b865c.webp","https://icodrops.com/aggregata/","Incentive Activities","$4 M","—","Blockchain Service","from May 6, 2024","","YZi Labs (prev Binance Labs)","Manifold Trading","Maelstrom","More Details","","","",""
"Hydro Protocol","HDRO","https://dropsearn.fra1.cdn.digitaloceanspaces.com/media/cache/a2/9b/a29b71ad5a4c83ea6694e6f7f5b1c515.webp","https://icodrops.com/hydro-protocol-2/","Public Sale","—","$20.56 M","DeFi","from Q2, 2024","","SkyVision Capital","Black Dragon","Taureon","More Details","Injective Protocol","","",""
"Superform","","https://dropsearn.fra1.cdn.digitaloceanspaces.com/media/cache/7d/76/7d767d0d32e163a739cfa1a028467e92.webp","https://icodrops.com/superform/","Points Farming","$9.5 M","$100 M","DeFi","from May 9, 2024","+5","Polychain Capital","Amber Group","Strobe (Prev. BlockTower Capital)","More Details","Binance coin","Optimism","FANTOM","More Details"
"Taiko","TAIKO","https://dropsearn.fra1.cdn.digitaloceanspaces.com/media/cache/be/36/be36fc6a6d3d6826f0605bda8cf0602f.webp","https://icodrops.com/taiko/","Incentivized Activities","$37 M","$431.4 M","Layer-2","from May 21, 2024","","Lightspeed Venture Partners","HongShan (ex-Sequoia China)","Hashed","More Details","Taiko","","",""
"CV Pad","CVPAD","https://dropsearn.fra1.cdn.digitaloceanspaces.com/media/cache/28/9f/289f07c6f6ac9ecc0cc9b5a551d5ee60.webp","https://icodrops.com/cv-pad/","Launchpad on CVPad","$2.97 M","$20 M","Launchpad","from May 23, 2024","","","","","","","","",""
"PlayDoge","PLAY","https://dropsearn.fra1.cdn.digitaloceanspaces.com/media/cache/e0/38/e03838c315142adcbab9e84bcf6bb547.webp","https://icodrops.com/playdoge/","Presale","$5.79 M","$48.88 M","Play-To-Earn","from Q2, 2024","","","","","","","","",""
"Aperture Finance","APT","https://dropsearn.fra1.cdn.digitaloceanspaces.com/media/cache/4f/f0/4ff0a28a30fc1f76b380f7c2587c1ee0.webp","https://icodrops.com/aperture-finance/","Airdrop","$12 M","$242.3 K","DeFi","from May 31, 2024","","Arrington XRP Capital","Divergence Ventures","ParaFi Capital","More Details","","","",""
"Solana VM","SVM","https://dropsearn.fra1.cdn.digitaloceanspaces.com/media/cache/4a/35/4a3578c875da9653a4b2cdfe18f03158.webp","https://icodrops.com/solana-vm/","Public Sale","$3.87 M","$74.56 M","DeFi","from Q2, 2024","","Solana","","","","","","",""
"Nubit","","https://dropsearn.fra1.cdn.digitaloceanspaces.com/media/cache/01/92/0192f386a2dbd17ba90c5002a4d29cd1.webp","https://icodrops.com/nubit/","Incentivized Activities","$11 M","—","Infrastructure","from Jun 8, 2024","","Polychain Capital","OKX Ventures","The Spartan Group","More Details","Bitcoin","","",""
"AI Arena","","https://dropsearn.fra1.cdn.digitaloceanspaces.com/media/cache/f6/17/f6179464cf1967cde98c8003a3f0047d.webp","https://icodrops.com/ai-arena/","Airdrop","$11 M","$34.2 M","Gaming","from Jun 8, 2024","","Framework Ventures","Paradigm","SevenX Ventures","More Details","","","",""
"Mellow Protocol","","https://dropsearn.fra1.cdn.digitaloceanspaces.com/media/cache/87/49/8749eb9f45dba8c1d1535daefd27ebf4.webp","https://icodrops.com/mellow-protocol/","Points Farming","$2.75 M","$70 M","Liquid Staking Prot…","from Jun 11, 2024","","Arrington XRP Capital","Lemniscap","ParaFi Capital","More Details","Symbiotic","Ethereum","",""
"Symbiotic","","https://dropsearn.fra1.cdn.digitaloceanspaces.com/media/cache/18/81/188132fb23caa183208d672b13d5fa2a.webp","https://icodrops.com/symbiotic/","Points Farming","$34.8 M","$300 M","Liquid Staking Prot…","from Jun 11, 2024","","Pantera Capital","Paradigm","Coinbase Ventures","More Details","Ethereum","","",""
"Lumoz","MOZ","https://dropsearn.fra1.cdn.digitaloceanspaces.com/media/cache/ae/2f/ae2ff6dad36c08b6d1e55af0eb9c148e.webp","https://icodrops.com/lumoz/","Node Sale Round","$10 M","$15.9 M","Blockchain","from Jun 17, 2024","","HashKey Capital","OKX Ventures","Everest Ventures","More Details","","","",""
"Conduit","","https://dropsearn.fra1.cdn.digitaloceanspaces.com/media/cache/21/8d/218d62ba98bcb2c43f3524a98ebb01a5.webp","https://icodrops.com/conduit/","Retrodrop","$44 M","—","Platform","from Jun 25, 2024","","Paradigm","Bankless","Coinbase Ventures","More Details","","","",""
"ORA (Hyper Oracle)","","https://dropsearn.fra1.cdn.digitaloceanspaces.com/media/cache/0d/20/0d20515d13bc7a66257a709386db5859.webp","https://icodrops.com/hyper-oracle/","Points Farming","$23 M","—","Infrastructure","from Jul 2, 2024","","Polychain Capital","HongShan (ex-Sequoia China)","HashKey Capital","More Details","Ethereum","","",""
"Kakarot zkEVM","","https://dropsearn.fra1.cdn.digitaloceanspaces.com/media/cache/87/48/87485667dd2a4e62b7166dbbad9b5414.webp","https://icodrops.com/kakarot-zkevm/","Testnet Airdrop","—","—","Layer-2","from Jul 4, 2024","","Vitalik Buterin","CMS Holdings","Fenbushi Capital","More Details","Ethereum","StarkNet","",""
"Fuel Network","FUEL","https://dropsearn.fra1.cdn.digitaloceanspaces.com/media/cache/51/13/51134f7ede8ddbc3d218bd0f10fc9dce.webp","https://icodrops.com/fuel-network/","Points Farming","$90.9 M","$73.3 M","Layer-2","from Jul 8, 2024","","Bain Capital Ventures","Blockchain Capital","CoinFund","More Details","Fuel Network","","",""
"Crudo Protocol","CRUDO","https://dropsearn.fra1.cdn.digitaloceanspaces.com/media/cache/c9/2a/c92a944934dbadbc141f8d367abdeade.webp","https://icodrops.com/crudo-protocol/","Presale","$423 K","$9 M","Blockchain Platform","from Q3, 2024","","Binance coin","","","","","","",""
"Cats","CATS","https://dropsearn.fra1.cdn.digitaloceanspaces.com/media/cache/4e/74/4e747e2ebdb6f37a0e3ce284f4ad7b19.webp","https://icodrops.com/cats/","Airdrop","—","—","Memecoin","from Jul 12, 2024","","The Open Network","","","","","","",""
"OKX","OKB","https://dropsearn.fra1.cdn.digitaloceanspaces.com/media/cache/a1/97/a197422fe7a19712b2fd1349c129c38b.webp","https://icodrops.com/okx/","Play to Earn","—","—","Exchange","from Jul 22, 2024","","","","","","","","",""
"Reddio","","https://dropsearn.fra1.cdn.digitaloceanspaces.com/media/cache/82/09/8209a61a5ae8471144e58fa40d786c46.webp","https://icodrops.com/reddio/","Points Farming","—","$8.02 M","Layer-2","from Aug 12, 2024","","Paradigm","Arena Holdings","Contribution Capital","More Details","","","",""
"Espresso Systems","","https://dropsearn.fra1.cdn.digitaloceanspaces.com/media/cache/25/5f/255fe8865e99efaeb91864c9958fccda.webp","https://icodrops.com/espresso-systems/","Testnet","$60 M","—","Infrastructure","from Aug 30, 2024","","Andreessen Horowitz (a16z)","Blockchain Capital","Electric Capital","More Details","","","",""
"ChainGPT","CGPT","https://dropsearn.fra1.cdn.digitaloceanspaces.com/media/cache/5d/82/5d82c486ac061ff86e3cb7446ded6bf3.webp","https://icodrops.com/chaingpt/","Tap-to-Earn","$1.91 M","$90.3 M","Artificial Intellig…","from Sep 4, 2024","","YAY Network","","","","","","",""
"Level","","https://dropsearn.fra1.cdn.digitaloceanspaces.com/media/cache/aa/f9/aaf90158432b0c747f26d0738992b608.webp","https://icodrops.com/level-2/","Point System Activity","$6.2 M","—","DeFi","from Sep 10, 2024","","Balaji Srinivasan","Polychain Capital","Dragonfly Capital","More Details","","","",""
"Gradient Network","","https://dropsearn.fra1.cdn.digitaloceanspaces.com/media/cache/d2/c1/d2c19c98ffb72d43b064fff55d48b188.webp","https://icodrops.com/gradient-network/","Airdrop","$10 M","—","Infrastructure","from Sep 12, 2024","","Multicoin Capital","Pantera Capital","HongShan (ex-Sequoia China)","","","","",""
"U2U Network (Unicorn Ultra)","U2U","https://dropsearn.fra1.cdn.digitaloceanspaces.com/media/cache/31/77/31778503abd066f8867913121442f012.webp","https://icodrops.com/u2u-unicorn-ultra/","Airdrop","$23.8 M","$67.95 M","DePIN","from Sep 15, 2024","","Chain Capital","IDG Capital","Cointelegraph","More Details","","","",""
"KuCoin","","https://dropsearn.fra1.cdn.digitaloceanspaces.com/media/cache/ef/d9/efd92f039756b615639de7ec60f4aead.webp","https://icodrops.com/kucoin/","Tap-to-Earn","$45 M","$1.48 B","CEX","from Sep 15, 2024","","IDG Capital","Matrix Partners","NEO","","","","",""
"Electra","","https://dropsearn.fra1.cdn.digitaloceanspaces.com/media/cache/c4/b0/c4b0137b6864ce62ffbcbb8dabad26c7.webp","https://icodrops.com/electra/","Tap-to-Earn","—","—","DEX","from Sep 16, 2024","","","","","","","","",""
"Binance coin","BNB","https://dropsearn.fra1.cdn.digitaloceanspaces.com/media/cache/8c/b7/8cb7fb93e9d2dd91ec204de5c1cf8c8c.webp","https://icodrops.com/binancecoin/","Tap-to-Earn","$35 M","$106.95 B","Blockchain","from Sep 17, 2024","","Sequoia Capital","Black Hole Capital","Chandler Guo","More Details","","","",""
"Open Campus","EDU","https://dropsearn.fra1.cdn.digitaloceanspaces.com/media/cache/99/b4/99b435d2635d4c08727d65289055aa4f.webp","https://icodrops.com/open-campus/","Incentivized Testnet","$5.65 M","$126.6 M","Education","from Sep 25, 2024","","YZi Labs (prev Binance Labs)","Arbitrum Foundation","Ethereum","Polygon (prev. Matic Network)","","","",""
"CratD2C","CRATD2C","https://dropsearn.fra1.cdn.digitaloceanspaces.com/media/cache/49/0d/490d2e638d472271eb7fdb2d5be6b3b7.webp","https://icodrops.com/cratd2c/","ICO","$1.21 M","$160 M","Blockchain","from Sep 30, 2024","","Binance coin","","","","","","",""
"Diamante","","https://dropsearn.fra1.cdn.digitaloceanspaces.com/media/cache/bd/81/bd8161d4840aea0a0bbe8c34c9108b7e.webp","https://icodrops.com/diamante/","Retroactive Airdrop","$750 K","—","Blockchain","from Oct 3, 2024","","","","","","","","",""
"Babylon","","https://dropsearn.fra1.cdn.digitaloceanspaces.com/media/cache/8b/a8/8ba8bfcf6d40b4b8b9f2c1fcf655cd82.webp","https://icodrops.com/babylon/","Points Farming","$93.3 M","$477.47 M","Blockchain","from Oct 8, 2024","","YZi Labs (prev Binance Labs)","Framework Ventures","Paradigm","More Details","Bitcoin","","",""
"Tiny Verse","","https://dropsearn.fra1.cdn.digitaloceanspaces.com/media/cache/dc/7e/dc7e38ce83730b7eebbd62e40be18d80.webp","https://icodrops.com/tiny-verse/","Tap-to-Earn","—","—","Gaming","from Nov 18, 2024","","The Open Network","","","","","","",""
"Balance","EPT","https://dropsearn.fra1.cdn.digitaloceanspaces.com/media/cache/ca/e2/cae27f44a695922e6147dc29ee5f7097.webp","https://icodrops.com/balance/","Node Sale Round","$40 M","$42.27 M","Gaming","from Nov 26, 2024","","Andreessen Horowitz (a16z)","DWF Labs","Amber Group","More Details","","","",""
"Impossible Cloud","ICNT","https://dropsearn.fra1.cdn.digitaloceanspaces.com/media/cache/fa/ea/faea6a987d752e8c9806c2c34fc00a7e.webp","https://icodrops.com/impossible-cloud/","Node Sale Round","$11 M","—","Platform","from Dec 5, 2024","","","","","","","","",""
"Ringfence","","https://dropsearn.fra1.cdn.digitaloceanspaces.com/media/cache/94/c8/94c88d065935342afa3ab590a19007fb.webp","https://icodrops.com/ringfence/","Node Sale Round","$1.5 M","—","Blockchain Service","from Dec 12, 2024","","Morningstar Ventures","Rarestone Capital","Spark Digital Capital","More Details","","","",""
"OpenLoop","OPL","https://dropsearn.fra1.cdn.digitaloceanspaces.com/media/cache/aa/94/aa949df977b23e6e8784f0c31b4d0ab5.webp","https://icodrops.com/openloop/","Node Sale Round","$15 M","$6.98 K","Blockchain Service","from Dec 18, 2024","","IPN Foundation","","","","","","",""
"OpenGradient","","https://dropsearn.fra1.cdn.digitaloceanspaces.com/media/cache/dc/89/dc89d2a2f25c6213ac59e90f5237f012.webp","https://icodrops.com/opengradient/","Incentivized Activities","$8.5 M","—","Infrastructure","from Dec 18, 2024","","Andreessen Horowitz (a16z)","Balaji Srinivasan","Coinbase Ventures","More Details","","","",""
"Musicdibs","DIBS","https://dropsearn.fra1.cdn.digitaloceanspaces.com/media/cache/02/f6/02f6bd1997de65d678f45a63928703e7.webp","https://icodrops.com/musicdibs/","Presale Round 2","$275 K","$5.5 M","DePin","from Jan 1, 2025","","Solana","","","","","","",""
"PepeArab","PEAB","https://dropsearn.fra1.cdn.digitaloceanspaces.com/media/cache/ed/62/ed625728ec31f29fa431f39822296c38.webp","https://icodrops.com/pepearab/","Presale","$310 K","$10 M","Memecoin","from Jan 25, 2025","","Solana","Ethereum","","","","","",""
"Abstract","","https://dropsearn.fra1.cdn.digitaloceanspaces.com/media/cache/3d/af/3daf737efb2bf38c7e5ee2f9dba3834e.webp","https://icodrops.com/abstract/","Incentivized Activities","—","—","Layer-2","from Jan 27, 2025","","Electric Capital","0xMaki","Igloo","More Details","","","",""
"Aten7","","https://dropsearn.fra1.cdn.digitaloceanspaces.com/media/cache/cf/9b/cf9bad8d1afc6b165cec74f792622fcc.webp","https://icodrops.com/aten7/","Public Sale","$500 K","—","Gaming","from Feb 5, 2025","","","","","","","","",""
"Unichain","","https://dropsearn.fra1.cdn.digitaloceanspaces.com/media/cache/67/33/6733405eac6d3b01b995f343ff26b39a.webp","https://icodrops.com/unichain/","Airdrop","—","—","Blockchain","from Feb 11, 2025","","Unichain","","","","","","",""
"Arcium (Elusiv)","","https://dropsearn.fra1.cdn.digitaloceanspaces.com/media/cache/9b/95/9b956637bf0276617b7bb0e91115efd7.webp","https://icodrops.com/arcium/","Testnet","$10 M","$200 M","Blockchain Service","from Feb 21, 2025","","Jump Crypto","Coinbase Ventures","Moonrock Capital","More Details","","","",""
"Hemi Network","","https://dropsearn.fra1.cdn.digitaloceanspaces.com/media/cache/ad/2c/ad2c7c401e6878c863f4ba8d1719f91e.webp","https://icodrops.com/hemi-network/","Node Sale Round","$15 M","—","Modular Blockchain","from Q1, 2025","","YZi Labs (prev Binance Labs)","Crypto.com","TRGC","More Details","","","",""
"Linera","","https://dropsearn.fra1.cdn.digitaloceanspaces.com/media/cache/31/fd/31fde86b3b3ff6d9fdd19fc73103b313.webp","https://icodrops.com/linera/","Testnet","$12 M","—","Infrastructure","from Apr 17, 2025","","Andreessen Horowitz (a16z)","Tribe Capital","Eterna Capital","More Details","","","",""
"Nirvana (Parallel Finance)","","https://dropsearn.fra1.cdn.digitaloceanspaces.com/media/cache/3c/3d/3c3dd3382f6840fd95d1f4eddeb2a164.webp","https://icodrops.com/nirvana-finance/","Node Sale Round","$34 M","$49.64 M","Lending Platform","from Q2, 2025","","Lightspeed Venture Partners","Pantera Capital","Polychain Capital","More Details","","","",""
"CUDIS","","https://dropsearn.fra1.cdn.digitaloceanspaces.com/media/cache/f0/b8/f0b8f998c23a76756ca54b2019beaf8d.webp","https://icodrops.com/cudis/","Presale","$5 M","$68.59 M","Blockchain Service","from May 13, 2025","","Draper Associates","Draper Dragon","NGC Ventures","More Details","Solana","","",""
"RabitiAI","RIAI","https://dropsearn.fra1.cdn.digitaloceanspaces.com/media/cache/2b/55/2b5504320e96dbdb90215297647b9601.webp","https://icodrops.com/rabitiai/","Airdrop","$15.34 M","$99.2 M","Blockchain Service","from May 20, 2025","","D5Wav","Nortiyus","","","","","",""
"OpenSea","SEA","https://dropsearn.fra1.cdn.digitaloceanspaces.com/media/cache/f3/4a/f34a4ad14080d6abb413ce5c3c20bcac.webp","https://icodrops.com/opensea/","Airdrop","—","—","NFT marketplace","from May 29, 2025","","","","","","","","",""
"PrismaX","","https://dropsearn.fra1.cdn.digitaloceanspaces.com/media/cache/73/4d/734da01282e19aee8caf6fe8d9a28ede.webp","https://icodrops.com/prismax/","Incentivized Activities","$11 M","—","Artificial Intellig…","from Jun 3, 2025","","a16z crypto CSX","Volt Capital","Blockchain Builders Fund","More Details","","","",""
"Nansen","NSN","https://dropsearn.fra1.cdn.digitaloceanspaces.com/media/cache/01/b2/01b2d6122d3af7d5842ef834f0fa95f7.webp","https://icodrops.com/nansen/","Incentivized Activities","$88.2 M","—","Blockchain Service","from Jun 17, 2025","","Andreessen Horowitz (a16z)","BitScale Capital","Coinbase Ventures","More Details","","","",""
"Nexus Laboratories","","https://dropsearn.fra1.cdn.digitaloceanspaces.com/media/cache/d0/9b/d09bbf5bd5bb36bf1e91e24572a22510.webp","https://icodrops.com/nexus-laboratories/","Testnet","$25 M","—","Infrastructure","from Jun 24, 2025","","Lightspeed Venture Partners","Pantera Capital","Dragonfly Capital","More Details","","","",""
"Plasma","XPL","https://dropsearn.fra1.cdn.digitaloceanspaces.com/media/cache/35/70/357090731dce8c3a054ddad0570ac81f.webp","https://icodrops.com/plasma/","Public Sale","$74 M","$500 M","Blockchain","from Jul 17, 2025","","Cobie","Framework Ventures","6MV (6th Man Ventures)","More Details","","","",""
"Cysic","","https://dropsearn.fra1.cdn.digitaloceanspaces.com/media/cache/3d/e8/3de8735fdb60409fe45fdcf5cbe7b9fb.webp","https://icodrops.com/cysic/","Incentivized Testnet","$18 M","—","Blockchain Service","Active","","Polychain Capital","HashKey Capital","OKX Ventures","More Details","Ethereum","","",""
"OpenEden","","https://dropsearn.fra1.cdn.digitaloceanspaces.com/media/cache/a1/8d/a18dc5e575c2d933504a9f276e6d88db.webp","https://icodrops.com/openeden/","Points Farming","$5 M","—","RWA (Real World Ass…","Active","","YZi Labs (prev Binance Labs)","UXD Protocol","","","","","",""
"Kuru","","https://dropsearn.fra1.cdn.digitaloceanspaces.com/media/cache/27/71/277137c4a3c2159259d22e68061b2bd3.webp","https://icodrops.com/kuru/","Incentivised Testnet","$13.6 M","—","DeFi","Active","","Brevan Howard","Electric Capital","Paradigm","More Details","Monad","","",""
"Try Your Best","","https://dropsearn.fra1.cdn.digitaloceanspaces.com/media/cache/6d/3f/6d3ff9d148ed3906cb536d0eed3f1a6b.webp","https://icodrops.com/try-your-best/","Incentivized Activities","$20.8 M","—","Social","Active","","Strobe (Prev. BlockTower Capital)","Coinbase Ventures","Castle Island Ventures","More Details","Avalanche","","",""
"BTC Bull Token","BTCBULL","https://dropsearn.fra1.cdn.digitaloceanspaces.com/media/cache/15/6e/156e47ae9ff72bc6bc8c7915e6e5881e.webp","https://icodrops.com/btc-bull-token/","Presale","$7.3 M","$54.08 M","Memecoin","Active","","","","","","","","",""
"Sophon","SOPH","https://dropsearn.fra1.cdn.digitaloceanspaces.com/media/cache/8b/53/8b53ed63fc200b50e11c7c7496f32a04.webp","https://icodrops.com/sophon/","Incentivized Activities","$84.01 M","$401.2 M","Modular Blockchain","Active","","YZi Labs (prev Binance Labs)","HTX Ventures (previously Huobi Ventures)","Hypersphere Ventures","More Details","Sophon","","",""
"Kira Nexus","KLAI","https://dropsearn.fra1.cdn.digitaloceanspaces.com/media/cache/9f/ca/9fca66d8eeb71f9a78177cfd05b021e3.webp","https://icodrops.com/kira-nexus/","Presale","$7.21 M","—","Web 3.0","Active","","D5Wav","","","","","","",""
"BlockMesh Network","BMH","https://dropsearn.fra1.cdn.digitaloceanspaces.com/media/cache/0e/19/0e1964c61524718dcd29c4b6baf28ae3.webp","https://icodrops.com/blockmesh-network/","Airdrop","—","—","Blockchain Service","Active","","","","","","","","",""
"Emmet Finance","EMMET","https://dropsearn.fra1.cdn.digitaloceanspaces.com/media/cache/45/58/4558c8f8012dc60cef84e89777492e7c.webp","https://icodrops.com/emmet-finance/","Pre-Sale","—","$20 M","DeFi","Active","","Binance coin","","","","","","",""
"Durian.win","DUR","https://dropsearn.fra1.cdn.digitaloceanspaces.com/media/cache/73/99/739938df72df67b9eb1c3c65f54b383c.webp","https://icodrops.com/durianwin/","Airdrop","—","—","Trade","Active","","","","","","","","",""
"Ethereal","","https://dropsearn.fra1.cdn.digitaloceanspaces.com/media/cache/51/44/514464b5f02ce880fb8713481b2c16fc.webp","https://icodrops.com/ethereal/","Points Farming","—","—","DEX","Active","","Ethena","","","","","","",""
"D3","","https://dropsearn.fra1.cdn.digitaloceanspaces.com/media/cache/a9/7c/a97c2d6f9c482f27c77bff3a90fdc4cb.webp","https://icodrops.com/d3/","Incentivized Activities","$30 M","—","Blockchain Service","Active","","Paradigm","Coinbase Ventures","C2Ventures (Csquared)","More Details","","","",""
"Nil","","https://dropsearn.fra1.cdn.digitaloceanspaces.com/media/cache/2d/75/2d757f58796a4103793118429627f146.webp","https://icodrops.com/nil/","IDO on Legion","—","—","Layer2","Active","","Ethereum","","","","","","",""
"RuneMine","MINE","https://dropsearn.fra1.cdn.digitaloceanspaces.com/media/cache/33/80/33804a9abc23bc962439451f0a0ae4a5.webp","https://icodrops.com/runemine/","Genesis Round","$2 M","$8.37 M","Infrastructure","Active","","Bitcoin","","","","","","",""
"Talus network","","https://dropsearn.fra1.cdn.digitaloceanspaces.com/media/cache/b0/a6/b0a6392cc3565bbe848c16325af25688.webp","https://icodrops.com/talus-network/","Testnet","$9 M","$150 M","Blockchain Service","Active","","Polychain Capital","TRGC","Animoca Brands","More Details","","","",""
"XR One","XR","https://dropsearn.fra1.cdn.digitaloceanspaces.com/media/cache/2b/8e/2b8ebef78f4d797622e4c7c9e96ccbe6.webp","https://icodrops.com/xr-one/","Node Sale Round","$2.38 M","$80 M","Blockchain Service","Active","","Animoca Brands","Outlier Ventures","Acacia Digital Holdings","More Details","Arbitrum","","",""
"PinEye","PINEYE","https://dropsearn.fra1.cdn.digitaloceanspaces.com/media/cache/07/65/0765509ac2634324c4c3541b3bbb1894.webp","https://icodrops.com/pineye/","Tap-to-Earn","—","$93.55 K","Gaming","Active","","Binance coin","","","","","","",""
"ODOS","","https://dropsearn.fra1.cdn.digitaloceanspaces.com/media/cache/46/c9/46c94392517c8def335175be2a883b53.webp","https://icodrops.com/odos/","Airdrop","—","$57.85 M","DeFi","Active","","CE Innovation Capital","Curved Ventures","Mantle","More Details","","","",""
"Crypto All-Stars","STARS","https://dropsearn.fra1.cdn.digitaloceanspaces.com/media/cache/30/2a/302ab80444d9763ae22e1386f59a24ab.webp","https://icodrops.com/crypto-all-stars/","Presale","$15.32 M","—","Memecoin","Active","","","","","","","","",""
"Gevulot","","https://dropsearn.fra1.cdn.digitaloceanspaces.com/media/cache/d5/8d/d58d1da86c71cab848117f5a83219b52.webp","https://icodrops.com/gevulot/","Node Sale Round","$6 M","—","Blockchain","Active","","Variant","Volt Capital","Alchemy","More Details","","","",""
"Pond","","https://dropsearn.fra1.cdn.digitaloceanspaces.com/media/cache/89/62/8962979cc89c7a25c6dbd78f3be54b66.webp","https://icodrops.com/pond/","Incentivized Activities","$7.5 M","—","Blockchain Service","Active","","Coinbase Ventures","Archetype","Delphi Ventures","More Details","","","",""
"Moonveil","","https://dropsearn.fra1.cdn.digitaloceanspaces.com/media/cache/c3/31/c331da083abd551c13fa6afdd3acdb44.webp","https://icodrops.com/moonveil/","Incentivized Activities","$11 M","$99.93 M","Gaming","Active","","gumi Cryptos Capital","HashKey Capital","IOSG Ventures","More Details","","","",""
"Naxy AI","NAXY","https://dropsearn.fra1.cdn.digitaloceanspaces.com/media/cache/42/a7/42a7077cf74ba1edab8784bd78cfcf1a.webp","https://icodrops.com/naxy-ai/","Presale","$135 K","—","Security","Active","","","","","","","","",""
"Aztec","","https://dropsearn.fra1.cdn.digitaloceanspaces.com/media/cache/86/d6/86d69a23bdce2e5b251fce35a1f2b309.webp","https://icodrops.com/aztec/","Testnet","$119.1 M","—","Blockchain","Active","","Andreessen Horowitz (a16z)","Paradigm","Variant","More Details","Ethereum","","",""
"Humanity Protocol","","https://dropsearn.fra1.cdn.digitaloceanspaces.com/media/cache/9b/72/9b7265fec40da5bdff2a2b264d6eb9b5.webp","https://icodrops.com/humanity-protocol/","Points Farming","$50 M","$358.2 M","Infrastructure","Active","","Blockchain.com Ventures","Hashed","Mechanism Capital","More Details","","","",""
"Ithaca","","https://dropsearn.fra1.cdn.digitaloceanspaces.com/media/cache/34/14/34144c651017aaadeddacfc8e8975f9e.webp","https://icodrops.com/ithaca/","Retroactive Airdrop","$20 M","—","Blockchain","Active","","Paradigm","","","","","","",""
"Flappy Bird","","https://dropsearn.fra1.cdn.digitaloceanspaces.com/media/cache/83/98/83980bd3f6d47678eec56e37c8ce7f27.webp","https://icodrops.com/flappy-bird/","Tap-to-Earn","$2 M","—","Gaming","Active","","Big Brain Holdings","Kenetic Capital","Four Seasons Ventures (4SV)","More Details","The Open Network","","",""
"Dragonz Land","","https://dropsearn.fra1.cdn.digitaloceanspaces.com/media/cache/2e/d4/2ed4bbb05f40386e6e4b5b05c1c953f6.webp","https://icodrops.com/dragonz-land/","Tap-to-Earn","$9 M","—","Gaming","Active","","Syndicate Capital Group","Venom","","","","","",""
"Milady Maker","","https://dropsearn.fra1.cdn.digitaloceanspaces.com/media/cache/83/44/8344637575376a1df29c02e2d24dc46e.webp","https://icodrops.com/milady-maker/","NFT Sale","—","—","NFT","Active","","Ethereum","","","","","","",""
"Bitcoin Puppets","","https://dropsearn.fra1.cdn.digitaloceanspaces.com/media/cache/38/31/383123e201eca2bfe8d8e30297e0bfe1.webp","https://icodrops.com/bitcoin-puppets/","NFT Sale","—","—","NFT","Active","","Bitcoin","","","","","","",""
"TheoriqAI (ChainML)","THQ","https://dropsearn.fra1.cdn.digitaloceanspaces.com/media/cache/ab/31/ab313fe7f98de7e5bcad82c2c7c243dc.webp","https://icodrops.com/theoriqai/","Incentivized Testnet","$10.2 M","$75 M","Artificial Intellig…","Active","","Hack VC","HashKey Capital","HTX Ventures (previously Huobi Ventures)","More Details","","","",""
"Seedworld","WORLD","https://dropsearn.fra1.cdn.digitaloceanspaces.com/media/cache/0a/93/0a939f97871419d5e6dafa556eff0029.webp","https://icodrops.com/seedworld/","Seed Roots Sale","—","$30 M","Gaming","Active","","","","","","","","",""
"Paloma","GRAIN","https://dropsearn.fra1.cdn.digitaloceanspaces.com/media/cache/97/8d/978d4b6f97597651a5d4e99dcb9d2769.webp","https://icodrops.com/paloma/","Node Sale Round","—","$43.68 M","Blockchain","Active","","Paloma","","","","","","",""
"EtherDrops","DPS","https://dropsearn.fra1.cdn.digitaloceanspaces.com/media/cache/db/9c/db9cfed18ae88fa2df926224bbe7b80a.webp","https://icodrops.com/etherdrops/","Incentivized Activities","—","—","Trading Bot","Active","","DWF Labs","Axia8 Ventures","Bithumb Global","More Details","","","",""
"StarryNift","","https://dropsearn.fra1.cdn.digitaloceanspaces.com/media/cache/84/89/8489990311f977ddc7fc896f6fd8c33b.webp","https://icodrops.com/starry-nift/","Airdrop","$10 M","—","Artificial Intellig…","Active","","YZi Labs (prev Binance Labs)","CoinGecko Ventures","OKX Ventures","More Details","Ethereum","","",""
"1win Token","1WIN","https://dropsearn.fra1.cdn.digitaloceanspaces.com/media/cache/93/6e/936e3bc709bba00f7e82e0a7d2733853.webp","https://icodrops.com/1win-token/","Tap-to-Earn","—","—","Gaming","Active","","The Open Network","","","","","","",""
"SnakeLite","SNAKE","https://dropsearn.fra1.cdn.digitaloceanspaces.com/media/cache/f3/ae/f3ae2e58d79c5fb417942001725f16f6.webp","https://icodrops.com/snakelite/","Tap-to-Earn","$4 M","—","Gaming","Active","","Fenbushi Capital","HTX Ventures (previously Huobi Ventures)","Gate.io","More Details","The Open Network","","",""
"FullHouse","FH","https://dropsearn.fra1.cdn.digitaloceanspaces.com/media/cache/f9/73/f9731b7b07a1fac51208562aadc174a5.webp","https://icodrops.com/fullhouse/","Pre-Sale","—","$75 M","Gambling","Active","","Binance coin","","","","","","",""
"Farcaster","","https://dropsearn.fra1.cdn.digitaloceanspaces.com/media/cache/9d/70/9d70ee894cdc7151307ec8aae8a519e8.webp","https://icodrops.com/farcaster/","Possible Retrodrop","$180 M","$1 B","Social","Active","","1confirmation","Andreessen Horowitz (a16z)","Balaji Srinivasan","More Details","Own","","",""
"Allora","ALORA","https://dropsearn.fra1.cdn.digitaloceanspaces.com/media/cache/37/2b/372b07e20b7412bb068385773bc55d6a.webp","https://icodrops.com/allora/","Incentivized Activities","$32.5 M","—","Blockchain Service","Active","","Blockchain Capital","Delphi Digital (Delphi Labs)","Framework Ventures","More Details","Allora","","",""
"Andrena (dawn)","","https://dropsearn.fra1.cdn.digitaloceanspaces.com/media/cache/8a/04/8a042d8c3cda164af6dab834f1b62c44.webp","https://icodrops.com/andrena/","Points Farming","$35.5 M","—","DePIN","Active","","6MV (6th Man Ventures)","CMT Digital","Dragonfly Capital","More Details","","","",""
"Eclipse","ES","https://dropsearn.fra1.cdn.digitaloceanspaces.com/media/cache/69/51/6951f7fdb58992335f4c856787fcd3ad.webp","https://icodrops.com/eclipse/","Airdrop for NFT Holders","$65 M","$176.9 M","Infrastructure","Active","","Delphi Digital (Delphi Labs)","Polychain Capital","Fenbushi Capital","More Details","Solana","","",""
"Sahara","SAHARA","https://dropsearn.fra1.cdn.digitaloceanspaces.com/media/cache/e7/e8/e7e8ee80a606ab1ed7fae0b86fd37933.webp","https://icodrops.com/sahara-2/","Testnet","$51.5 M","$862.7 M","Artificial Intellig…","Active","","YZi Labs (prev Binance Labs)","Pantera Capital","Polychain Capital","More Details","","","",""
"Synnax Technologies","SYNAI","https://dropsearn.fra1.cdn.digitaloceanspaces.com/media/cache/a8/87/a887102ef15b5192c8d1b26088475c37.webp","https://icodrops.com/synnax-technologies/","Incentivized Activities","$1.55 M","—","Artificial Intellig…","Active","","BitScale Capital","Wintermute","Kenetic Capital","More Details","","","",""
"Zephyr","ZEFY","https://dropsearn.fra1.cdn.digitaloceanspaces.com/media/cache/35/c4/35c481603d54381b034ebe11484c062b.webp","https://icodrops.com/zephyr/","Points Farming","$679 K","$5.5 M","DeFi","Active","","Solana","","","","","","",""
"Kuzco","","https://dropsearn.fra1.cdn.digitaloceanspaces.com/media/cache/1e/f6/1ef61f9b44b5618285efc7bff80b3da3.webp","https://icodrops.com/kuzco/","Incentivized Testnet","—","—","DePIN","Active","","Solana","","","","","","",""
"Polynomial Protocol","","https://dropsearn.fra1.cdn.digitaloceanspaces.com/media/cache/9b/4a/9b4a4df25364851a4f1985f7e6dd0771.webp","https://icodrops.com/polynomial-protocol/","Points Farming","$1.1 M","—","DeFi","Active","","Pantera Capital","Alliance","Divergence Ventures","More Details","","","",""
"Grass","","https://dropsearn.fra1.cdn.digitaloceanspaces.com/media/cache/3a/dc/3adc99bf1f9d32c3700230f7ba0cbff8.webp","https://icodrops.com/grass/","Points Farming","$3.5 M","$673.7 M","Artificial Intellig…","Active","","Delphi Digital (Delphi Labs)","Polychain Capital","BitScale Capital","More Details","","","",""
"0G","","https://dropsearn.fra1.cdn.digitaloceanspaces.com/media/cache/a3/38/a338fd9515570c3ff9ab0491ab66ca22.webp","https://icodrops.com/0g/","Incentivized Testnet","$357.24 M","—","Infrastructure","Active","","Delphi Digital (Delphi Labs)","Alliance","Bankless","More Details","0G","","",""
"Rage Trade","RAGE","https://dropsearn.fra1.cdn.digitaloceanspaces.com/media/cache/b8/ff/b8ffe5fb0701b1e342aebe3985c50b7d.webp","https://icodrops.com/rage-trade/","Point System Activity","$6 M","$14.92 M","Yield Aggregator","Active","","CMS Holdings","Lemniscap","mgnr.io","More Details","","","",""
"MagpieXYZ","MGP","https://dropsearn.fra1.cdn.digitaloceanspaces.com/media/cache/22/60/22606ba318c4546bc342e748cb5b108c.webp","https://icodrops.com/magpiexyz/","Points Farming","$2.75 M","$35.3 M","BNB Chain Ecosystem","Active","","Binance coin","","","","","","",""
"Fatty","FATTY","https://dropsearn.fra1.cdn.digitaloceanspaces.com/media/cache/bc/49/bc49aa265e7a89d3e52dede0a30aeff2.webp","https://icodrops.com/fatty/","Airdrop","$1.51 M","$18 M","Play-To-Earn","Active","","Arbitrum","","","","","","",""
"Superposition","","https://dropsearn.fra1.cdn.digitaloceanspaces.com/media/cache/3f/41/3f410b305d0104cf516dac5da451208b.webp","https://icodrops.com/superposition/","Incentivized Testnet","—","—","Blockchain","Active","","Arbitrum","","","","","","",""
"Zero Network","","https://dropsearn.fra1.cdn.digitaloceanspaces.com/media/cache/fd/41/fd413802f281633d174775eb3c5b4837.webp","https://icodrops.com/zero-network/","Testnet Airdrop","—","—","Blockchain","Active","","","","","","","","",""
"MegaETH","","https://dropsearn.fra1.cdn.digitaloceanspaces.com/media/cache/9c/5a/9c5ad30fa8f7db0ef623c1657359b9eb.webp","https://icodrops.com/megaeth/","Possible Retrodrop","$30 M","—","Blockchain","Active","","Cobie","Vitalik Buterin","Dragonfly Capital","More Details","","","",""
"Nexis","","https://dropsearn.fra1.cdn.digitaloceanspaces.com/media/cache/ee/4b/ee4b2885020cc22a4f3d0fd4aca419c5.webp","https://icodrops.com/nexis/","Incentivized Testnet","$1 M","—","Blockchain","Active","","Castrum Capital","","","","","","",""
"Lingo","LINGO","https://dropsearn.fra1.cdn.digitaloceanspaces.com/media/cache/db/eb/dbeb9fdfddda207c560a1878d4c9c506.webp","https://icodrops.com/lingo/","Airdrop","—","$36.83 M","RWA (Real World Ass…","Active","","Base","Solana","","","","","",""
"TapSwap","","https://dropsearn.fra1.cdn.digitaloceanspaces.com/media/cache/96/2f/962f2a1b753600b1839dd51e2b44c7ed.webp","https://icodrops.com/tapswap/","Tap-to-Earn","—","—","Gaming","Active","","The Open Network","","","","","","",""
"Haven1","H1","https://dropsearn.fra1.cdn.digitaloceanspaces.com/media/cache/f5/88/f588c27581be91e0d16ed533d898375e.webp","https://icodrops.com/haven1/","Incentivized Testnet","$4.6 M","$28.62 M","Blockchain","Active","","Animoca Brands","Kronos Research","Blockdaemon","More Details","","","",""
"BetFury","BFG","https://dropsearn.fra1.cdn.digitaloceanspaces.com/media/cache/63/b3/63b3cd36c41506d37e6584fe5db80756.webp","https://icodrops.com/betfury/","Airdrop","—","—","Gambling","Active","","Binance coin","","","","","","",""
"Bluwhale","BLUAI","https://dropsearn.fra1.cdn.digitaloceanspaces.com/media/cache/2c/2c/2c2cf888c65f9cd7006ce61cf410d547.webp","https://icodrops.com/bluwhale/","Point System Activity","$99.6 M","—","Blockchain Service","Active","","DWF Labs","Momentum 6","MV Global","More Details","","","",""
"Catizen","CATI","https://dropsearn.fra1.cdn.digitaloceanspaces.com/media/cache/85/40/854070343e78887ed4cf587ef0baea86.webp","https://icodrops.com/catizen/","Airdrop","—","$84.58 M","Gaming","Active","","YZi Labs (prev Binance Labs)","Mirana Ventures","NGC Ventures","More Details","The Open Network","Mantle","",""
"Reya Network (former Voltz)","","https://dropsearn.fra1.cdn.digitaloceanspaces.com/media/cache/55/95/5595da2c776d8521adc3a3ba9111c014.webp","https://icodrops.com/reya-network/","Incentive Activities","$16 M","—","DeFi","Active","","Brevan Howard","Framework Ventures","Amber Group","More Details","","","",""
"Plume Network","","https://dropsearn.fra1.cdn.digitaloceanspaces.com/media/cache/fe/16/fe1646c08a4ad5e6392271fea8edcddd.webp","https://icodrops.com/plume-network/","Incentivized Testnet","$30 M","$1.24 B","Blockchain","Active","","YZi Labs (prev Binance Labs)","Brevan Howard","a_capital","More Details","Ethereum","","",""
"Sanctum","CLOUD","https://dropsearn.fra1.cdn.digitaloceanspaces.com/media/cache/d6/42/d642919442212f9270cf1879f75a859d.webp","https://icodrops.com/sanctum/","Point System Activity","$13.6 M","$90.37 M","DeFi","Active","","Sequoia Capital","CMS Holdings","DeFiance Capital","More Details","Solana","","",""
"Blum","BLUM","https://dropsearn.fra1.cdn.digitaloceanspaces.com/media/cache/dc/07/dc07f55e03b0579f4948619982b44f86.webp","https://icodrops.com/blum/","Tap-to-Earn","$5 M","$87.39 M","DeFi","Active","","YZi Labs (prev Binance Labs)","BitScale Capital","gumi Cryptos Capital","More Details","","","",""
"Nesa","NES","https://dropsearn.fra1.cdn.digitaloceanspaces.com/media/cache/96/4e/964e787b40cb06cd8e5567f46f9be353.webp","https://icodrops.com/nesa/","Incentivized Activities","—","—","Blockchain","Active","","","","","","","","",""
"Element Market","","https://dropsearn.fra1.cdn.digitaloceanspaces.com/media/cache/db/dc/dbdcad9cb5b6bb0806af9a90cdde4e52.webp","https://icodrops.com/element-market/","Stake/Farm","$4.6 M","—","Marketplace","Active","","","","","","","","",""
"ZKFair","ZKF","https://dropsearn.fra1.cdn.digitaloceanspaces.com/media/cache/d1/15/d115e73d6d9a4f1de84c95264d2c9967.webp","https://icodrops.com/zkfair/","Stake/Farm","—","$239.3 K","Layer-2","Active","","Own","","","","","","",""
"Your Open Metaverse","YOM","https://dropsearn.fra1.cdn.digitaloceanspaces.com/media/cache/ac/14/ac141aaf38cab9ee1cc54b05f9e2c929.webp","https://icodrops.com/your-open-metaverse/","Airdrops & Ecosystem Rewards","$3.08 M","$27.12 K","DePIN","Active","","Solana","","","","","","",""
"Analog","ANALOG","https://dropsearn.fra1.cdn.digitaloceanspaces.com/media/cache/e2/7d/e27d92945814ca397bcf57ebed137570.webp","https://icodrops.com/analog/","Incentivized Activities","$36 M","$11.68 M","Infrastructure","Active","+1","Balaji Srinivasan","Tribe Capital","Wintermute","More Details","Ethereum","Arbitrum","Astar","More Details"
"Router Protocol","ROUTE","https://dropsearn.fra1.cdn.digitaloceanspaces.com/media/cache/8a/fc/8afcfc9fc1131bd90457bef4590b4f93.webp","https://icodrops.com/router-protocol/","Testnet Airdrop","$4.96 M","$5.27 M","Infrastructure","Active","+4","Coinbase Ventures","Wintermute","Woodstock Fund","More Details","FANTOM","Optimism","Aurora","More Details"
"Ethena","USDe","https://dropsearn.fra1.cdn.digitaloceanspaces.com/media/cache/f5/56/f556674951699476edaa5d104c75e050.webp","https://icodrops.com/ethena/","Stake/Farm","$152.5 M","$9.04 B","DeFi","Active","","YZi Labs (prev Binance Labs)","Brevan Howard","Cobie","More Details","","","",""
"Azuki","","https://dropsearn.fra1.cdn.digitaloceanspaces.com/media/cache/6f/34/6f341d4774b95d51cc4f5cbbcb426a57.webp","https://icodrops.com/azuki/","Airdrop for NFT Holders","—","—","Yield Farming","Active","","Ethereum","Polygon (prev. Matic Network)","","","","","",""
"Overworld","","https://dropsearn.fra1.cdn.digitaloceanspaces.com/media/cache/36/ef/36ef76af0c29cc3d336fa81ab7281111.webp","https://icodrops.com/overworld/","Airdrop for NFT Holders","$12.5 M","—","Gaming","Active","","DWF Labs","Hashed","HashKey Capital","More Details","","","",""
"MyShell","SHELL","https://dropsearn.fra1.cdn.digitaloceanspaces.com/media/cache/32/b5/32b59895e3cf5b8f9ea80eef3f84a6f1.webp","https://icodrops.com/myshell/","Airdrop","$16.6 M","$144.1 M","Blockchain Service","Active","","Balaji Srinivasan","YZi Labs (prev Binance Labs)","Bankless","More Details","","","",""
"Holograph","HLG","https://dropsearn.fra1.cdn.digitaloceanspaces.com/media/cache/b9/9d/b99da264b925e94b020c8cf2475a1f25.webp","https://icodrops.com/holograph/","Airdrop","$11 M","$1.35 M","NFT","Active","","gmoney","Mechanism Capital","Nick Chong","More Details","Ethereum","","",""
"Blackwing","","https://dropsearn.fra1.cdn.digitaloceanspaces.com/media/cache/c0/73/c073000d2a0cd43ca782cf131598979b.webp","https://icodrops.com/blackwing/","Airdrop","$4.5 M","—","DeFi","Active","","Fiskantes","gumi Cryptos Capital","Hashed","More Details","","","",""
"Taproot Labs","","https://dropsearn.fra1.cdn.digitaloceanspaces.com/media/cache/73/6a/736afb77410c83421a7f6b30ab9f8b81.webp","https://icodrops.com/taproot-labs/","Testnet Airdrop","—","—","Blockchain","Active","","Waterdrip Capital","BitValue Capital","Digital Pacific Holding","More Details","Bitcoin","","",""
"BSquared Network","","https://dropsearn.fra1.cdn.digitaloceanspaces.com/media/cache/e4/1d/e41dc2ba0d98edf501040d45a0fa3305.webp","https://icodrops.com/bsquared-network/","Airdrop","—","—","Blockchain Service","Active","","","","","","","","",""
"Rainbow","","https://dropsearn.fra1.cdn.digitaloceanspaces.com/media/cache/e3/d8/e3d84af31a6a294c2cb66a88104f861e.webp","https://icodrops.com/rainbow/","Points Farming","$19.5 M","$100 M","Blockchain Service","Active","","35Ventures","Hyperguap","Nikita Bier","More Details","","","",""
"Rabby Wallet","","https://dropsearn.fra1.cdn.digitaloceanspaces.com/media/cache/23/7e/237e3bb2421ec731598e20af9759c858.webp","https://icodrops.com/rabby-wallet/","Points Farming","$25 M","—","Wallet","Active","","Sequoia Capital","Coinbase Ventures","Crypto.com","More Details","Ethereum","","",""
"ZeroLend","ZERO","https://dropsearn.fra1.cdn.digitaloceanspaces.com/media/cache/3a/46/3a46ef0b4abcf18d99246641b7ca1d51.webp","https://icodrops.com/zerolend/","Points Farming","$3 M","$5.04 M","Lending Platform","Active","","Morningstar Ventures","GBV Capital","Genblock Capital","More Details","zkSync","Manta Network","",""
"Xterio","XTER","https://dropsearn.fra1.cdn.digitaloceanspaces.com/media/cache/f7/83/f783776a0adcc8be23ea0cfb5946c2c5.webp","https://icodrops.com/xterio/","Airdrop for NFT Holders","$55 M","$90.57 M","Gaming","Active","","YZi Labs (prev Binance Labs)","HashKey Capital","Animoca Brands","More Details","","","",""
"Burnt Finance","BURNT","https://dropsearn.fra1.cdn.digitaloceanspaces.com/media/cache/dc/d2/dcd256123365d9e5a297a756ee28f0c4.webp","https://icodrops.com/burnt-finance/","Testnet Airdrop","$36 M","$196 M","Blockchain","Active","","Multicoin Capital","Alliance","Arrington XRP Capital","More Details","Burnt Finance","","",""
"Natix Network","NTXT","https://dropsearn.fra1.cdn.digitaloceanspaces.com/media/cache/9b/72/9b72bc6dd4700163cc864fd55527a3e3.webp","https://icodrops.com/natix-network/","Incentive Activities","$13.1 M","$92.71 M","DePIN","Active","","Moonrock Capital","Big Brain Holdings","Blockchange Ventures","More Details","Own","","",""
"Cega","","https://dropsearn.fra1.cdn.digitaloceanspaces.com/media/cache/fa/3c/fa3c4f47694808537ffcc926844d2811.webp","https://icodrops.com/cega/","Farming & Rewards","$9.3 M","—","DeFi","Active","","Pantera Capital","Coinbase Ventures","Dragonfly Capital","More Details","","","",""
"Setter","","https://dropsearn.fra1.cdn.digitaloceanspaces.com/media/cache/a9/2c/a92cd89756211a4f93126d0efe79cdfb.webp","https://icodrops.com/setter/","Points Farming","$5 M","—","Social","Active","","Andreessen Horowitz (a16z)","Marcy Venture Partners","Serena Williams","More Details","Multichain","","",""
"Ambit Finance","","https://dropsearn.fra1.cdn.digitaloceanspaces.com/media/cache/d8/94/d8948264f848d8a7558590eadb01f89d.webp","https://icodrops.com/ambit-finance/","Staking","$4.5 M","—","Lending Platform","Active","","YZi Labs (prev Binance Labs)","","","","","","",""
"Ekubo","","https://dropsearn.fra1.cdn.digitaloceanspaces.com/media/cache/0c/26/0c264dc2d9078ed6331d20609e4a4008.webp","https://icodrops.com/ekubo/","Points Farming","$12 M","$63.8 M","DeFi","Active","","Delphi Ventures","Uniswap","Ethereum","StarkNet","","","",""
"Anoma","","https://dropsearn.fra1.cdn.digitaloceanspaces.com/media/cache/c5/22/c522370a6909ddfa50ac4c1fdbba1059.webp","https://icodrops.com/anoma/","Testnet Airdrop","$60.25 M","—","Blockchain Service","Active","","Delphi Digital (Delphi Labs)","Electric Capital","Polychain Capital","More Details","","","",""
"zkPass","","https://dropsearn.fra1.cdn.digitaloceanspaces.com/media/cache/74/1a/741aba21942635ffeb3fd2964e538d22.webp","https://icodrops.com/zkpass/","Testnet Airdrop","$15 M","$100 M","Blockchain Service","Active","","YZi Labs (prev Binance Labs)","HongShan (ex-Sequoia China)","Amber Group","More Details","","","",""
"RISC Zero","","https://dropsearn.fra1.cdn.digitaloceanspaces.com/media/cache/a6/25/a625c4867939d8ab930cee99163678ce.webp","https://icodrops.com/risc-zero/","Retrodrop","$54 M","—","Infrastructure","Active","","Bain Capital Ventures","Blockchain Capital","Delphi Digital (Delphi Labs)","More Details","","","",""
"Shrapnel","SHARP","https://dropsearn.fra1.cdn.digitaloceanspaces.com/media/cache/8e/7b/8e7bda72329818739b3be5a3c03b65cd.webp","https://icodrops.com/shrapnel/","Airdrop for NFT Holders","$38.1 M","$12.36 M","Gaming","Active","","Brevan Howard","Polychain Capital","Dragonfly Capital","More Details","Ethereum","Avalanche","",""
"Base","","https://dropsearn.fra1.cdn.digitaloceanspaces.com/media/cache/24/7e/247e946bc373de611d98d639e68cf570.webp","https://icodrops.com/base/","Retrodrop","—","—","Layer-2","Active","","Base","","","","","","",""
"Futureverse","","https://dropsearn.fra1.cdn.digitaloceanspaces.com/media/cache/f8/ae/f8aee6a07182d18ee7f9efb3ad04b72d.webp","https://icodrops.com/futureverse/","Airdrop","$54 M","—","Metaverse","Active","","Animoca Brands","10T Holdings","Ripple","","","","",""
"Gensyn","","https://dropsearn.fra1.cdn.digitaloceanspaces.com/media/cache/45/e6/45e6d50374fdfcc789b6cedabe20a52a.webp","https://icodrops.com/gensyn/","Testnet Airdrop","$50.6 M","—","Blockchain Service","Active","","Andreessen Horowitz (a16z)","CoinFund","Galaxy","More Details","","","",""
"Morpho","MORPHO","https://dropsearn.fra1.cdn.digitaloceanspaces.com/media/cache/34/0b/340b64cb84bdf17a84044f74fbb06d87.webp","https://icodrops.com/morpho/","Points Farming","$69.35 M","$1.39 B","DeFi","Active","","Andreessen Horowitz (a16z)","Brevan Howard","Pantera Capital","More Details","","","",""
"Shardeum","SHM","https://dropsearn.fra1.cdn.digitaloceanspaces.com/media/cache/29/62/2962b81aa12dafc7092d15c1833dff51.webp","https://icodrops.com/shardeum/","Testnet Airdrop","$31.72 M","$22.81 M","Infrastructure","Active","","Balaji Srinivasan","Amber Group","CoinGecko Ventures","More Details","","","",""
"Monad","","https://dropsearn.fra1.cdn.digitaloceanspaces.com/media/cache/05/b4/05b448c553c18e57db25dd3793796bab.webp","https://icodrops.com/monad/","Retrodrop","$244 M","—","Blockchain","Active","","Cobie","Electric Capital","Paradigm","More Details","","","",""
"Dune Analytics","","https://dropsearn.fra1.cdn.digitaloceanspaces.com/media/cache/d5/60/d5606fe8475c8d84924478aa6e16aad1.webp","https://icodrops.com/dune-analytics/","Retrodrop","$79.42 M","—","Blockchain Service","Active","","Multicoin Capital","Union Square Ventures","Coinbase Ventures","More Details","","","",""
"Alongside","AMKT","https://dropsearn.fra1.cdn.digitaloceanspaces.com/media/cache/d9/21/d92135eb48f1f3557f115051b71ad50b.webp","https://icodrops.com/alongside/","Early users Airdrop","$11 M","$1.16 M","Index","Active","","Andreessen Horowitz (a16z)","Coinbase Ventures","Franklin Templeton","More Details","","","",""
"Gyroscope","GYD","https://dropsearn.fra1.cdn.digitaloceanspaces.com/media/cache/25/da/25da8b3170e732f85c41e48318fca60a.webp","https://icodrops.com/gyroscope/","Retrodrop","$4.5 M","—","Stablecoin","Active","","Fernando Martinelli","Galaxy","Archetype","More Details","","","",""
"Lens Protocol","","https://dropsearn.fra1.cdn.digitaloceanspaces.com/media/cache/1f/5d/1f5d924db25280a94f6777635a1af8b9.webp","https://icodrops.com/lens-protocol/","Retrodrop","$46 M","—","Blockchain Service","Active","","Balaji Srinivasan","Blockchain Capital","Delphi Digital (Delphi Labs)","More Details","Polygon (prev. Matic Network)","","",""
"MetaMask","MASK","https://dropsearn.fra1.cdn.digitaloceanspaces.com/media/cache/89/c7/89c73954b4794090a5daa011ccc02544.webp","https://icodrops.com/metamask/","Retrodrop","—","—","Wallet","Active","","","","","","","","",""
"Ceramic","","https://dropsearn.fra1.cdn.digitaloceanspaces.com/media/cache/ce/2e/ce2e9039655e9306351845c0ac8e40ad.webp","https://icodrops.com/ceramic/","Retrodrop","$30 M","—","Network","Active","","Jump Crypto","Multicoin Capital","Union Square Ventures","More Details","","","",""
"Obol Network","","https://dropsearn.fra1.cdn.digitaloceanspaces.com/media/cache/24/00/24001e7c68d37aabbf31edc194719cde.webp","https://icodrops.com/obol-network/","Retrodrop","$6.15 M","—","Network","Active","","Delphi Digital (Delphi Labs)","Alliance","Coinbase Ventures","More Details","","","",""
"Zapper","ZAP","https://dropsearn.fra1.cdn.digitaloceanspaces.com/media/cache/36/e9/36e94818bac419322ecfa314ce2fdeb0.webp","https://icodrops.com/zapper/","Retrodrop","$16.5 M","—","Blockchain Service","Active","","Framework Ventures","Mark Cuban","MetaCartel Ventures","More Details","","","",""
"Argent","","https://dropsearn.fra1.cdn.digitaloceanspaces.com/media/cache/23/3f/233fde354998bbd97d79d3d80bf883ba.webp","https://icodrops.com/argent/","Retrodrop","$56 M","—","Wallet","Active","","Paradigm","Fabric Ventures","Jump Capital","More Details","","","",""
"ZetaChain","ZETA","https://dropsearn.fra1.cdn.digitaloceanspaces.com/media/cache/de/d3/ded3c9d9c9af47d5f8fcc7f90b6be45f.webp","https://icodrops.com/zetachain/","Airdrop","$27 M","$393.96 M","Blockchain","Active","","Blockchain.com Ventures","CMT Digital","Jane Street Capital","More Details","Ethereum","","",""
"DegenScore","","https://dropsearn.fra1.cdn.digitaloceanspaces.com/media/cache/5b/fd/5bfd953da36329e345db5113befbc947.webp","https://icodrops.com/degenscore_/","Airdrop for NFT Holders","—","—","Platform","Active","","","","","","","","",""
"Zerion","","https://dropsearn.fra1.cdn.digitaloceanspaces.com/media/cache/fa/3b/fa3baa0858660ba049b44c33bc7a8da5.webp","https://icodrops.com/zerion/","Possible Retrodrop","$22.5 M","—","Wallet","Active","","Alliance","BitScale Capital","Coinbase Ventures","More Details","","","",""
"Debank","","https://dropsearn.fra1.cdn.digitaloceanspaces.com/media/cache/3d/5a/3d5a870498739f6875d68240f8260168.webp","https://icodrops.com/debank/","Points Farming","$25 M","—","Blockchain Service","Active","","HongShan (ex-Sequoia China)","Coinbase Ventures","Crypto.com","More Details","Ethereum","Polygon (ex-Matic Network)","",""
"Superfluid","","https://dropsearn.fra1.cdn.digitaloceanspaces.com/media/cache/ec/6b/ec6b8fd7938ab77e1f855a3d86cfd4be.webp","https://icodrops.com/superfluid/","Retrodrop","$14.1 M","—","Blockchain Service","Active","","Balaji Srinivasan","Delphi Digital (Delphi Labs)","Multicoin Capital","More Details","","","",""
"Aleo","ALEO","https://dropsearn.fra1.cdn.digitaloceanspaces.com/media/cache/16/f9/16f9c56f3ef3c974e13210fcd3c7207a.webp","https://icodrops.com/aleo/","Airdrop","$298 M","$475.49 M","Zero Knowledge","Active","","Andreessen Horowitz (a16z)","Balaji Srinivasan","Polychain Capital","More Details","","","",""
"Orbiter Finance","OBT","https://dropsearn.fra1.cdn.digitaloceanspaces.com/media/cache/53/ef/53ef6a9d7a4988b6bd74c280f6c0df50.webp","https://icodrops.com/orbiter-finance/","Retrodrop","—","$62.9 M","Infrastructure","Active","","Amber Group","Lemniscap","OKX Ventures","More Details","","","",""
"Thetanuts Finance","NUTS","https://dropsearn.fra1.cdn.digitaloceanspaces.com/media/cache/78/18/78186749c2a147fb37e5b1a633123be3.webp","https://icodrops.com/thetanuts-finance/","Airdrop","$35 M","—","Protocol","Active","","Polychain Capital","Crypto.com","Jump Capital","More Details","","","",""
"KiloEx","","https://dropsearn.fra1.cdn.digitaloceanspaces.com/media/cache/c2/a5/c2a5d19cbb0f7547ab5afa874a19660f.webp","https://icodrops.com/kiloex/","Points Farming","$750 K","$22.16 M","DeFi","Active","","YZi Labs (prev Binance Labs)","7UpDAO","Foresight Ventures","More Details","Binance coin","","",""
"Kinza","KZA","https://dropsearn.fra1.cdn.digitaloceanspaces.com/media/cache/8a/8b/8a8ba3011606bba0460ba1db9e1288a4.webp","https://icodrops.com/kinza/","Airdrop","—","—","DeFi","Active","","YZi Labs (prev Binance Labs)","GTS Ventures","","","","","",""